구분,시도,시군구,기관명,주소,전화번호,"신청유형(A: 외래진료, B: 외래진료 및 입원)",위도,경도
HOSPITAL,서울,강남구,연세대학교강남세브란스병원,서울특별시 강남구 언주로211,02-2019-2114,B,37.492736,127.0462661
HOSPITAL,서울,강남구,강남베드로병원,"서울특별시 강남구 남부순환로2633, 2649",02-1544-7522,A,37.485325100000004,127.03774309999999
HOSPITAL,서울,강남구,나누리병원,서울특별시 강남구 언주로 731,1688-9797,A,37.5202676,127.03396520000001
HOSPITAL,서울,강남구,하나이비인후과병원,서울특별시 강남구 역삼로245,02-6925-1111,A,37.4978534,127.04296319999999
HOSPITAL,서울,강동구,중앙보훈병원,서울특별시 강동구 진황도로 61길 53,02-2225-1111,B,37.528777999999996,127.14760659999999
HOSPITAL,서울,강동구,강동성심병원,서울특별시 강동구 성안로 150,1588-4100,A,37.5361,127.1353505
HOSPITAL,서울,강동구,강동경희대학교병원,서울특별시 강동구 동남로 892,02-440-8114,B,37.5528301,127.15719829999999
HOSPITAL,서울,강서구,이화여자대학교서울병원,서울특별시 강서구 공항대로260,1522-7000,B,37.5533338,126.85102939999999
HOSPITAL,서울,강서구,나누리병원,서울특별시 강서구 가로공원로 187,1688-9797,A,37.5373118,126.83668689999998
HOSPITAL,서울,관악구,에이치플러스양지병원,서울특별시 관악구 남부순환로1636,02-1877-8875,B,37.484216599999996,126.9325109
HOSPITAL,서울,관악구,심정병원,서울특별시 관악구 남부순환로1485,02-1588-3330,A,37.4824112,126.91571549999999
HOSPITAL,서울,광진구,건국대학교병원,서울특별시 광진구 능동로 120-1,02-1588-1533,B,37.5408245,127.07222089999999
HOSPITAL,서울,광진구,혜민병원,서울특별시 광진구 자양로 85,02-2049-9000,A,37.53519,127.08338379999998
HOSPITAL,서울,구로구,고려대학교구로병원,서울특별시 구로구 구로동로 148,02-2626-1114,B,37.4922173,126.88494779999999
HOSPITAL,서울,구로구,구로성심병원,서울특별시 구로구 경인로 427,02-2067-1500,A,37.499620799999995,126.866356
HOSPITAL,서울,구로구,우리아이들병원,서울특별시 구로구 새말로15,02-858-0100,A,37.4876338,126.8827256
HOSPITAL,서울,금천구,희명병원,서울특별시 금천구 시흥대로 244,02-804-0002,B,37.4556417,126.90056659999998
HOSPITAL,서울,노원구,인제대학교 상계백병원,서울특별시 노원구 동일로1342,02-950-1114,A,37.6486101,127.06307849999997
HOSPITAL,서울,노원구,노원을지대학교병원,서울특별시 노원구 한글비석로 68,02-970-8000,A,37.6363293,127.0697068
HOSPITAL,서울,노원구,한국원자력의학원원자력병원,서울특별시 노원구 노원로 75,02-970-2114,A,37.6294332,127.08264679999999
HOSPITAL,서울,도봉구,한일병원,서울특별시 도봉구 우이천로 308,02-901-3114,B,37.6458568,127.0285789
HOSPITAL,서울,동대문구,삼육서울병원,서울특별시 동대문구 망우로82,02-1577-3675,B,37.5892778,127.06454180000001
HOSPITAL,서울,동대문구,경희대학교병원,서울특별시 동대문구 경희대로23,02-958-8114,B,37.5953632,127.05276119999998
HOSPITAL,서울,동대문구,서울성심병원,서울특별시 동대문구 왕산로259,02-966-1616,A,37.584392,127.0497209
HOSPITAL,서울,동대문구,코리아병원,서울특별시 동대문구 장한로 143,02-2281-9999,A,37.573169799999995,127.07148579999999
HOSPITAL,서울,동작구,중앙대학교병원,서울특별시 동작구 흑석로102,02-6299-1114,B,37.5069754,126.96052309999999
HOSPITAL,서울,동작구,서울특별시보라매병원,서울특별시 동작구 보라매로 5길 20,02-870-2114,A,37.4932234,126.9244612
HOSPITAL,서울,동작구,더본병원,서울특별시 동작구 동작대로67,02-587-2299,A,37.4824708,126.9815496
HOSPITAL,서울,서대문구,연세대학교신촌세브란스병원,서울특별시 서대문구 연세로 50-1,02-1599-1004,B,37.564088999999996,126.93898089999999
HOSPITAL,서울,서대문구,동신병원,서울특별시 서대문구 연희로 272,02-396-9161,A,37.581155900000006,126.93652650000001
HOSPITAL,서울,서초구,가톨릭대학교 서울성모병원,서울특별시 서초구 반포대로 222,02-1588-1511,B,37.5003974,127.00665989999999
HOSPITAL,서울,성동구,한양대학교병원,서울특별시 성동구 왕십리로222-1,02-2290-8114,B,37.5544649,127.04659710000001
HOSPITAL,서울,성북구,고려대학교안암병원,서울특별시 성북구 인촌로 73,02-920-5114,B,37.587012699999995,127.02688370000001
HOSPITAL,서울,성북구,서울척병원,서울특별시 성북구 동소문로47길 8 (길음동),1599-0033,A,37.6087865,127.02922210000001
HOSPITAL,서울,성북구,성북우리아이들병원,서울특별시 성북구 동소문로46길10,02-912-0100,A,37.608322300000005,127.0287626
HOSPITAL,서울,송파구,경찰병원,서울특별시 송파구 송이로123,02-3400-1114,A,37.4964365,127.12336239999998
HOSPITAL,서울,송파구,한솔병원,서울특별시 송파구 송파대로 445,02-2147-6000,A,37.5060406,127.10589870000001
HOSPITAL,서울,양천구,이화여자대학교목동병원,서울특별시 양천구 안양천로 1071,02-2650-5114,B,37.53637940000001,126.8864324
HOSPITAL,서울,양천구,홍익병원,서울특별시 양천구 목동로 225,02-2693-5555,A,37.5284349,126.86361889999998
HOSPITAL,서울,양천구,메디힐병원,서울특별시 양천구 남부순환로 331,02-2604-7551,A,37.537219799999995,126.8278378
HOSPITAL,서울,영등포구,가톨릭대학교 여의도성모병원,서울특별시 영등포구 63로 10,1661-7575,B,37.5179713,126.936089
HOSPITAL,서울,영등포구,한림대학교 강남성심병원,서울특별시 영등포구 신길로1,02-829-5114,B,37.4928431,126.90863050000002
HOSPITAL,서울,영등포구,성애병원,서울특별시 영등포구 여의대방로53길 22,1811-8114,A,37.5120291,126.92238270000001
HOSPITAL,서울,영등포구,명지성모병원,서울특별시 영등포구 도림로 156,1899-1475,A,37.4938274,126.8992573
HOSPITAL,서울,영등포구,영등포병원,서울특별시 영등포구 당산로3길10,02-2632-0013~8,A,37.526371499999996,126.89622829999999
HOSPITAL,서울,영등포구,새길병원,서울특별시 영등포구 영중로 59,02-1522-0075,A,37.521639799999996,126.90467819999999
HOSPITAL,서울,용산구,순천향대학교부속서울병원,서울특별시 용산구 대사관로 59,02-709-9114,B,37.5339355,127.00433360000001
HOSPITAL,서울,은평구,은평성모병원,서울특별시 은평구 통일로 1021,1811-7755,B,37.6331979,126.92022179999998
HOSPITAL,서울,은평구,청구성심병원,서울특별시 은평구 통일로 873,02-353-5511~9,A,37.62073240000001,126.91944489999999
HOSPITAL,서울,은평구,본서부병원,서울특별시 은평구 은평로 133,02-3156-5000,A,37.600696,126.92256819999999
HOSPITAL,서울,종로구,서울대학교병원,서울특별시 종로구 대학로101,02-1588-5700,B,37.577595599999995,126.99988630000001
HOSPITAL,서울,종로구,강북삼성병원,서울특별시 종로구 새문안로29,02-2001-2001,B,37.568358499999995,126.9674846
HOSPITAL,서울,종로구,서울적십자병원,서울특별시 종로구 새문안로 9,02-2002-8000,A,37.5671402,126.96705659999999
HOSPITAL,서울,종로구,세란병원,서울특별시 종로구 통일로 256,02-737-0181,A,37.5751936,126.9575253
HOSPITAL,서울,중구,인제대학교 서울백병원,서울특별시 중구 마른내로9,02-2270-0114,A,37.5649096,126.98875249999998
HOSPITAL,서울,중구,국립중앙의료원,서울특별시 중구 을지로 245,02-2260-7114,B,37.5674232,127.0059029
HOSPITAL,서울,중랑구,동부제일병원,서울특별시 중랑구 망우로511,02-437-5011,A,37.6007761,127.1092825
HOSPITAL,서울,중랑구,녹색병원,서울특별시 중랑구 사가정로 49길 53,02-490-2000,A,37.583500199999996,127.08615110000001
HOSPITAL,부산,강서구,갑을녹산병원,부산광역시 강서구 녹산산단 321로 24-8,051-974-8300,A,35.0906026,128.8533057
HOSPITAL,부산,금정구,세웅병원,부산광역시 금정구 서동로 162,051-500-9700,A,35.214399,129.1040842
HOSPITAL,부산,기장군,동남권원자력의학원,부산광역시 기장군 장안읍 좌동길40,051-720-5114,A,35.321483199999996,129.24361299999998
HOSPITAL,부산,기장군,기장병원,부산광역시 기장군 기장읍 대청로72번길 6,051-723-0171,A,35.2358805,129.216446
HOSPITAL,부산,남구,부산성모병원,부산광역시 남구 용호로 232번길 25-14,051-933-7114,A,35.110167,129.10920000000002
HOSPITAL,부산,남구,부산고려병원,부산광역시 남구 수영로 238,051-930-3000,A,35.1349057,129.09261999999998
HOSPITAL,부산,동구,일신기독병원,부산광역시 동구 정공단로 27,051-630-0300,A,35.1355141,129.0540545
HOSPITAL,부산,동구,김원묵기념봉생병원,부산광역시 동구 중앙대로 401,051-664-4000,A,35.1309523,129.0503957
HOSPITAL,부산,동구,좋은문화병원,부산광역시 동구 범일로119,051-644-2002,A,35.1407228,129.058962
HOSPITAL,부산,동래구,대동병원,부산광역시 동래구 충렬대로 187,051-554-1233,B,35.204521299999996,129.0802502
HOSPITAL,부산,동래구,광혜병원,부산광역시 동래구 충렬대로 96,051-503-2111,A,35.206832,129.0710667
HOSPITAL,부산,동래구,동래봉생병원,부산광역시 동래구 안연로 109번길 27,051-520-5500,A,35.196908199999996,129.09610809999998
HOSPITAL,부산,동래구,부산우리들병원,부산광역시 동래구 중앙대로 1523,051-559-2000,A,35.2212587,129.0856203
HOSPITAL,부산,북구,부민병원,부산광역시 북구 만덕대로59,051-330-3000,A,35.2119687,129.01123909999998
HOSPITAL,부산,북구,구포성심병원,부산광역시 북구 낙동대로1786,051-333-2001,A,35.2095944,129.0045343
HOSPITAL,부산,북구,화명일신기독병원,부산광역시 북구 금곡대로 264,051-363-0387,A,35.2318906,129.0136669
HOSPITAL,부산,사상구,좋은삼선병원,부산광역시 사상구 가야대로326,051-322-0900,A,35.15014790000001,129.0077859
HOSPITAL,부산,사상구,서부산센텀병원,부산광역시 사상구 새벽로 226,1644-5530,A,35.1612052,128.9845559
HOSPITAL,부산,사하구,우리원병원,부산광역시 사하구 다대로 565,051-260-1000,A,35.0558972,128.9709128
HOSPITAL,부산,서구,부산대학교병원,부산광역시 서구 구덕로 179,051-240-7000,B,35.100814,129.01872889999999
HOSPITAL,부산,서구,삼육부산병원,부산광역시 서구 대티로170,051-242-9751,A,35.112519,129.01126929999998
HOSPITAL,부산,서구,동아대학교병원,부산광역시 서구 대신공원로 26,051-240-2000,B,35.120294,129.0179994
HOSPITAL,부산,수영구,BHS한서병원,부산광역시 수영구 수영로 615,051-756-0081,A,35.1608916,129.11313049999998
HOSPITAL,부산,수영구,좋은강안병원,부산광역시 수영구 수영로493,051-625-0900,A,35.149963899999996,129.1104981
HOSPITAL,부산,수영구,부산센텀병원,부산광역시 수영구 수영로 677,051-750-5000,A,35.166261299999995,129.1145747
HOSPITAL,부산,연제구,한양류마디병원,부산광역시 연제구 과정로272(연산동),051-752-1990,A,35.1882335,129.0975551
HOSPITAL,부산,영도구,해동병원,부산광역시 영도구 태종로133,051-412-6161,A,35.0919367,129.0438842
HOSPITAL,부산,영도구,영도병원,부산광역시 영도구 태종로85,051-412-8881,A,35.0922458,129.0405355
HOSPITAL,부산,영도구,에스병원,부산광역시 영도구 동삼로 55-1,051-412-7000,A,35.07840230000001,129.07025059999998
HOSPITAL,부산,진구,온종합병원,부산광역시 진구 가야대로 721,051-607-0114,A,35.1578057,129.0499681
HOSPITAL,부산,진구,오성병원,부산광역시 진구 중앙대로 910,051-850-0800,A,35.171324999999996,129.0704317
HOSPITAL,부산,해운대구,인제대학교 해운대백병원,부산광역시 해운대구 해운대로 875,051-797-0100,B,35.1733441,129.1822042
HOSPITAL,부산,해운대구,해운대부민병원,부산광역시 해운대구 해운대로584,051-602-8000,B,35.161368599999996,129.1558441
HOSPITAL,부산,해운대구,효성시티병원,부산광역시 해운대구 해운대로 135,051-709-3000,A,35.1852051,129.12146479999998
HOSPITAL,인천,강화군,비에스종합병원,인천광역시 강화군 강화읍 충렬사로 31,032-290-0001,A,37.7461732,126.4868004
HOSPITAL,인천,계양구,한림병원,인천광역시 계양구 장제로722,032-540-9114,B,37.5321972,126.73433049999998
HOSPITAL,인천,계양구,메디플렉스 세종병원,인천광역시 계양구 계양문화로20,032-240-8000,B,37.532404799999995,126.7367467
HOSPITAL,인천,계양구,더드림병원,인천광역시 계양구 계양대로 123,032-282-7575,A,37.5349575,126.72224069999999
HOSPITAL,인천,남동구,길병원,인천광역시 남동구 남동대로 774번길 21,032-460-3114,B,37.451834700000006,126.70926310000002
HOSPITAL,인천,동구,인천광역시의료원,인천광역시 동구 방축로 217,032-580-6000,A,37.484578,126.65474029999999
HOSPITAL,인천,동구,인천백병원,인천광역시 동구 샛골로 214,032-765-7070,A,37.476534199999996,126.644187
HOSPITAL,인천,미추홀구,인천사랑병원,인천광역시 미추홀구 미추홀대로 726,032-457-2000,A,37.4620945,126.68076819999999
HOSPITAL,인천,미추홀구,현대유비스병원,인천광역시 미추홀구 독배로503,032-888-7575,A,37.4614899,126.6429794
HOSPITAL,인천,미추홀구,나누리병원,인천광역시 미추홀구 인주대로 485,1688-9797,A,37.4545052,126.6653838
HOSPITAL,인천,미추홀구,성모윌병원,인천광역시 미추홀구 경인로 488,032-421-0075,A,37.459335599999996,126.6939181
HOSPITAL,인천,부평구,가톨릭대학교 인천성모병원,인천광역시 부평구 동수로 56,032-1544-9004,B,37.484407399999995,126.7249147
HOSPITAL,인천,부평구,부평세림병원,인천광역시 부평구 부평대로 175,032-524-0591,A,37.5067625,126.72005569999997
HOSPITAL,인천,부평구,한길안과병원,인천광역시 부평구 부평대로 35,032-503-3322,A,37.4945466,126.7223234
HOSPITAL,인천,부평구,나누리병원,인천광역시 부평구 장제로 156,1688-9797,A,37.4991219,126.73327590000001
HOSPITAL,인천,서구,뉴성민병원,인천광역시 서구 신석로 70,032-726-1000,A,37.5091475,126.66969569999998
HOSPITAL,인천,서구,나은병원,인천광역시 서구 원적로23,032-584-0114,B,37.4890123,126.67977929999999
HOSPITAL,인천,서구,검단탑병원,인천광역시 서구 청마로19번길5,032-590-0114,B,37.592526299999996,126.67094480000002
HOSPITAL,인천,서구,온누리병원,인천광역시 서구 완정로 119,032-567-6200,A,37.598588299999996,126.66417150000001
HOSPITAL,인천,서구,가톨릭관동대학교 국제성모병원,인천광역시 서구  심곡로100번길 25,1600-8291,B,37.5424593,126.68382049999998
HOSPITAL,인천,연수구,나사렛국제병원,인천광역시 연수구 먼우금로 98,032-899-9999,B,37.4078996,126.67049619999997
HOSPITAL,인천,연수구,인천적십자병원,인천광역시 연수구 원인재로263,032-899-4000,A,37.418596,126.68883740000001
HOSPITAL,인천,중구,인천기독병원,인천광역시 중구 답동로30번길10,032-270-8000,A,37.4712731,126.632106
HOSPITAL,인천,중구,인하대학교병원,인천광역시 중구 인항로 27,032-890-2114,B,37.458619,126.63403760000001
HOSPITAL,대구,남구,영남대학교병원,대구광역시 남구 현충로 170,053-623-8001,A,35.8469571,128.5827831
HOSPITAL,대구,남구,드림병원,대구광역시 남구 대명로 153,053-640-8800,A,35.8396305,128.57449499999998
HOSPITAL,대구,달서구,구병원,대구광역시 달서구 감삼북길 141,053-560-9114,A,35.8506505,128.5413994
HOSPITAL,대구,달서구,삼일병원,대구광역시 달서구 월배로 446,053-659-3100,B,35.832946899999996,128.55440629999998
HOSPITAL,대구,달서구,W병원,대구광역시 달서구 달구벌대로 1632,053-550-5000,A,35.8527263,128.5450535
HOSPITAL,대구,달서구,대구보광병원,대구광역시 달서구 구마로 128,053-651-3232,A,35.836759799999996,128.5416946
HOSPITAL,대구,달서구,참조은병원,대구광역시 달서구 월배로 404,053-630-8000,A,35.8303009,128.5516098
HOSPITAL,대구,달서구,세강병원,대구광역시 달서구 구마로 220,053-620-6248,A,35.8366663,128.55173689999998
HOSPITAL,대구,동구,대구파티마병원,대구광역시 동구 아양로99,053-1688-7770,B,35.8840357,128.6238479
HOSPITAL,대구,북구,대구가톨릭대학교칠곡가톨릭병원,대구광역시 북구 칠곡중앙대로440,053-320-2500,A,35.9349066,128.54929669999999
HOSPITAL,대구,북구,대구시티병원,대구광역시 북구 동북로 270,053-959-7114,A,35.8934918,128.61958220000002
HOSPITAL,대구,서구,서대구병원,대구광역시 서구 국채보상로 200,053-558-5800,A,35.869653299999996,128.5530174
HOSPITAL,대구,수성구,천주성삼병원,대구광역시 수성구 달구벌대로 3190,053-790-1000,A,35.840264499999996,128.7057506
HOSPITAL,대구,중구,경북대학교병원,대구광역시 중구 동덕로 130,053-420-5114,A,35.865942,128.60513559999998
HOSPITAL,대구,중구,곽병원,대구광역시 중구 국채보상로 531,053-252-2401,A,35.8707148,128.5887352
HOSPITAL,대구,중구,광개토병원,대구광역시 중구 중앙대로 366,053-565-1190,A,35.8659896,128.5937806
HOSPITAL,대구,중구,푸른병원,대구광역시 중구 태평로 102,053-471-2800,A,35.8757559,128.5929742
HOSPITAL,광주,광산구,첨단종합병원,광주광역시 광산구 첨단중앙로 170번길 59,062-601-8114,A,35.2209175,126.84517299999999
HOSPITAL,광주,광산구,KS병원,광주광역시 광산구 왕버들로 220,062-975-9000,A,35.1978963,126.8332013
HOSPITAL,광주,남구,광주기독병원,광주광역시 남구 양림로 37,062-650-5000,B,35.1366727,126.91212199999998
HOSPITAL,광주,동구,전남대학교병원,광주광역시 동구 제봉로42,1899-0000,B,35.1416819,126.9220315
HOSPITAL,광주,서구,서광병원,광주광역시 서구 금화로 59번길6,062-600-8000,A,35.1326041,126.85548990000001
HOSPITAL,대전,동구,대전한국병원,대전광역시 동구 동서대로1672,042-606-1000,A,36.3481517,127.43582869999999
HOSPITAL,대전,서구,대전을지대학교병원,대전광역시 서구 둔산서로95,042-259-1000,B,36.355326999999996,127.38200819999999
HOSPITAL,대전,서구,건양대학교병원,대전광역시 서구 가수원동 관저동로 158,1577-3330,B,36.2992196,127.34031949999999
HOSPITAL,대전,유성구,유성선병원,대전광역시 유성구 북유성대로93,042-1588-7011,A,36.37518,127.32480249999999
HOSPITAL,대전,중구,가톨릭대학교 대전성모병원,대전광역시 중구 대흥로64,042-220-9114,B,36.3219153,127.42036339999999
HOSPITAL,대전,중구,대전선병원,대전광역시 중구 목중로29,042-220-8114,B,36.336001599999996,127.41018039999997
HOSPITAL,울산,남구,울산병원,울산광역시 남구 월평로171번길 13,052-259-5000,A,35.546209,129.32307839999999
HOSPITAL,울산,남구,좋은삼정병원,울산광역시 남구 북부순환도로 51,052-220-7500,A,35.5528284,129.26905879999998
HOSPITAL,울산,남구,중앙병원,울산광역시 남구 문수로 480번길 10,052-226-1100,A,35.531523299999996,129.3052032
HOSPITAL,울산,남구,울산보람병원,울산광역시 남구 돋질로336번길 10,052-278-0114,A,35.542374699999996,129.34104109999998
HOSPITAL,울산,동구,울산대학교병원,울산광역시 동구 방어진순환도로877,052-250-7000,B,35.5111519,129.4234794
HOSPITAL,울산,북구,울산시티병원,울산광역시 북구 산업로1007,052-280-9000,A,35.582894,129.3588552
HOSPITAL,울산,북구,21세기좋은병원,울산광역시 북구 호계로 285,052-290-2100,A,35.6288954,129.3506373
HOSPITAL,울산,울주군,서울산보람병원,울산광역시 울주군 삼남면 중평로 53,052-255-7114,A,35.5596168,129.1205746
HOSPITAL,울산,중구,동강병원,울산광역시 중구 태화로 239,052-241-1114,A,35.553663,129.3020349
HOSPITAL,세종,,엔케이세종병원,세종특별자치시 한누리대로 161,044-850-7700,A,
HOSPITAL,경기,고양시 덕양구,명지병원,경기도 고양시 덕양구 화수로 14번길 55,031-810-5114,B,37.6420879,126.83093500000001
HOSPITAL,경기,고양시 덕양구,자인메디병원,경기도 고양시 덕양구 덕양구 중앙로555,031-930-3114,A,37.6230404,126.83548929999999
HOSPITAL,경기,고양시 일산동구,국민건강보험공단 일산병원,경기도 고양시 일산동구 일산로100,031-900-0114,B,37.6454297,126.7929091
HOSPITAL,경기,고양시 일산동구,국립암센터,경기도 고양시 일산동구 일산로323,031-920-0001,A,37.663835399999996,126.7829114
HOSPITAL,경기,고양시 일산동구,동국대학교 일산불교병원,경기도 고양시 일산동구 동국로27,031-961-7000,B,37.6763007,126.8067038
HOSPITAL,경기,고양시 일산동구,일산복음의료재단,경기도 고양시 일산동구 고양대로 760,031-977-5000,A,37.681719799999996,126.7799777
HOSPITAL,경기,고양시 일산서구,인제대학교 일산백병원,경기도 고양시 일산서구 주화로170,031-910-7511,B,37.6742288,126.75036700000001
HOSPITAL,경기,광명시,광명성애병원,경기도 광명시 디지털로 36,02-2680-7114,A,37.4732445,126.8718849
HOSPITAL,경기,광주시,참조은병원,경기도 광주시 광주대로45,031-767-7575,A,37.410903399999995,127.26022999999999
HOSPITAL,경기,광주시,더플러스병원,경기도 광주시 경안로40,031-763-7582,A,37.4095535,127.25619019999999
HOSPITAL,경기,구리시,한양대학교구리병원,경기도 구리시 경춘로153,031-560-2114,B,37.6011613,127.13231950000001
HOSPITAL,경기,군포시,원광대학교의과대학산본병원,경기도 군포시 산본로 321,031-390-2300,A,37.359376399999995,126.9335943
HOSPITAL,경기,군포시,지샘병원,경기도 군포시 군포로 591,031-389-3000,A,37.3586521,126.94729590000001
HOSPITAL,경기,김포시,김포우리병원,경기도 김포시 감암로11,031-999-1000,B,37.6323493,126.71077049999998
HOSPITAL,경기,김포시,뉴고려병원,경기도 김포시 김포한강3로283,031-980-9114,B,37.6409053,126.66023940000001
HOSPITAL,경기,김포시,히즈메디병원,경기도 김포시 김포대로 681,1588-0223,A,37.611179799999995,126.73496379999999
HOSPITAL,경기,남양주시,남양주한양병원,경기도 남양주시 오남읍 양지로47-55,031-510-0114,B,37.6823506,127.20421999999999
HOSPITAL,경기,남양주시,중앙대의료원교육협력현대병원,경기도 남양주시 진접읍 봉현로21,031-574-9119,B,37.7155114,127.17965299999997
HOSPITAL,경기,남양주시,베리굿병원,경기도 남양주시 별내5로5번길5,031-567-8585,A,37.6637601,127.10783789999998
HOSPITAL,경기,부천시,세종병원,경기도 부천시 호현로489번길 28,1599-6677,B,37.4811218,126.791382
HOSPITAL,경기,부천시,가톨릭대학교 부천성모병원,경기도 부천시 소사로327,032-1577-0675,B,37.48612380000001,126.7924958
HOSPITAL,경기,부천시,순천향대학교부속부천병원,경기도 부천시 조마루로170,032-621-5114,B,37.4978251,126.76274439999997
HOSPITAL,경기,부천시,다니엘종합병원,경기도 부천시 중동로 361,032-670-0001,A,37.512245199999995,126.76947740000001
HOSPITAL,경기,부천시,예손병원,경기도 부천시 부천로 206,1666-7582,A,37.5024637,126.78717460000001
HOSPITAL,경기,부천시,부천우리병원,경기도 부천시 원종동 277-14,032-672-4100,A,37.5243469,126.80519719999998
HOSPITAL,경기,성남시 분당구,분당제생병원,경기도 성남시 분당구 서현로 108번길 20,031-779-0114,B,37.3881528,127.12174719999999
HOSPITAL,경기,성남시 분당구,분당서울대학교병원,경기도 성남시 분당구 구미로 173번길 82,031-1588-3369,B,37.350403299999996,127.1244617
HOSPITAL,경기,성남시 분당구,바른세상병원,경기도 성남시 분당구 야탑로 75번길 5,1577-3175,A,37.4102726,127.1268085
HOSPITAL,경기,성남시 분당구,분당척병원,경기도 성남시 분당구 성남대로932,1599-7500,A,37.412846099999996,127.12925709999999
HOSPITAL,경기,성남시 분당구,서울나우병원,경기도 성남시 분당구 분당로 43,031-788-5600,A,37.384038,127.1202529
HOSPITAL,경기,성남시 수정구,정병원,경기도 성남시 수정구 수정로 76,031-750-6000,B,37.4398303,127.1290044
HOSPITAL,경기,성남시 수정구,지우병원,경기도 성남시 수정구 수정로 183,1544-6686,A,37.4436876,127.14017719999998
HOSPITAL,경기,성남시 중원구,바른마디병원,경기도 성남시 중원구  광명로 330,031-735-9110,A,37.4452224,127.1625612
HOSPITAL,경기,수원시 권선구,제이에스병원,"경기도 수원시 권선구 금곡로196번길, 76",1800-5446,A,37.2733407,126.95540760000002
HOSPITAL,경기,수원시 영통구,아주대학교병원,경기도 수원시 영통구 월드컵로 164,031-1688-6114,B,37.2795318,127.0477406
HOSPITAL,경기,수원시 영통구,나누리수원병원,경기도 수원시 영통구 중부대로 295,1688-9797,A,37.2737324,127.0481868
HOSPITAL,경기,수원시 팔달구,가톨릭대학교 성빈센트병원,경기도 수원시 팔달구 중부대로 93,1577-8588,B,37.278437499999995,127.0278484
HOSPITAL,경기,수원시 팔달구,동수원병원,경기도 수원시 팔달구 중부대로 165,031-210-0114,A,37.278441,127.0343254
HOSPITAL,경기,수원시 팔달구,이춘택병원,경기도 수원시 팔달구 팔달구 매산로138,1588-2927,A,37.2717921,127.01575199999998
HOSPITAL,경기,수원시 팔달구,윌스기념병원,경기도 수원시 팔달구 경수대로 437,031-223-2233,A,37.2651153,127.02547729999998
HOSPITAL,경기,시흥시,신천연합병원,경기도 시흥시 복지로 57,031-310-6300,A,37.444552099999996,126.78951599999999
HOSPITAL,경기,시흥시,센트럴병원,경기도 시흥시 공단1대로237,031-8041-3854,A,37.3367245,126.72816710000001
HOSPITAL,경기,시흥시,시화병원,경기도 시흥시 옥구천서로337,031-432-2600,A,37.3528958,126.7245906
HOSPITAL,경기,안산시,근로복지공단안산병원,경기도 안산시 구룡로 87,031-500-1114,A,37.3166128,126.8743722
HOSPITAL,경기,안산시 단원구,고려대학교안산병원,경기도 안산시 단원구 적금로 123,031-412-5114,B,37.319133300000004,126.8252651
HOSPITAL,경기,안산시 단원구,단원병원,경기도 안산시 단원구 원포공원1로 20,031-8040-6600,A,37.300334299999996,126.81323149999999
HOSPITAL,경기,안산시 단원구,온누리병원,경기도 안산시 단원구 선부로 201,031-412-2200,A,37.3418275,126.8174982
HOSPITAL,경기,안산시 상록구,사랑의병원,경기도 안산시 상록구 예술광장로 69,031-439-3000,A,37.326979099999996,126.84477930000001
HOSPITAL,경기,안성시,안성성모병원,경기도 안성시 시장길58,031-675-6007,A,37.006217899999996,127.27103289999998
HOSPITAL,경기,안양시 동안구,한림대학교성심병원,경기도 안양시 동안구 관평로170번길 22,031-380-1500,B,37.391430799999995,126.96175369999999
HOSPITAL,경기,안양시 동안구,안양윌스기념병원,경기도 안양시 동안구 경수대로 560,031-460-1114,A,37.3727592,126.95818589999999
HOSPITAL,경기,여주시,연세새로운병원,경기도 여주시 영릉로 22,031-885-7582,A,37.2898476,127.63291579999998
HOSPITAL,경기,여주시,세종여주병원,경기도 여주시 청심로 39,031-880-7700,B,37.3014144,127.6251858
HOSPITAL,경기,오산시,오산한국병원,경기도 오산시 밀머리로 1번길 16,1566-3534,B,37.141348799999996,127.07559029999999
HOSPITAL,경기,오산시,조은오산병원,경기도 오산시 오산로 307,1544-5355,A,37.1542863,127.06839330000001
HOSPITAL,경기,용인시 기흥구,연세대학교 용인세브란스병원,경기도 용인시 기흥구 동백죽전대로 363,1899-1004,A,37.272137099999995,127.1521978
HOSPITAL,경기,용인시 기흥구,강남병원,경기도 용인시 기흥구 중부대로411,031-300-0114,B,37.2735367,127.1113393
HOSPITAL,경기,용인시 처인구,다보스병원,경기도 용인시 처인구 처인구백옥대로1082번길 18,031-8021-2114,A,37.2314675,127.21136659999999
HOSPITAL,경기,의정부시,가톨릭대학교 의정부성모병원,경기도 의정부시 천보로 271,031-1661-7500,B,37.7583561,127.07744590000001
HOSPITAL,경기,의정부시,의정부백병원,경기도 의정부시 금신로 322,031-856-8111,A,37.7452366,127.0620467
HOSPITAL,경기,의정부시,성베드로병원,경기도 의정부시 평화로622,031-840-1700,A,37.7474524,127.04579919999999
HOSPITAL,경기,이천시,경기도의료원 이천병원,경기도 이천시 경충대로 2742 번길,031-630-4200,B,37.282593399999996,127.4328154
HOSPITAL,경기,이천시,이천엘리야병원,경기도 이천시 장호원읍 서동대로 8793,1800-4275,A,37.1155465,127.61217110000001
HOSPITAL,경기,파주시,메디인병원,경기도 파주시 시청로6,031-1566-1991,A,37.7580017,126.774838
HOSPITAL,경기,평택시,박애병원,경기도 평택시 평택2로20번길3,031-652-2121,B,36.9930038,127.08906549999999
HOSPITAL,경기,평택시,평택굿모닝병원,경기도 평택시 중앙로338,031-659-7700,B,36.9906469,127.1205614
HOSPITAL,경기,평택시,평택성모병원,경기도 평택시 평택로284,031-1800-8800,B,36.99944130000001,127.07955229999999
HOSPITAL,경기,평택시,박병원,경기도 평택시 송탄로 33,031-666-2600,B,37.0482193,127.05700110000001
HOSPITAL,경기,포천시,포천우리병원,경기도 포천시  소홀읍 호국로 661,031-542-0222,A,37.8273748,127.14795699999999
HOSPITAL,경기,하남시,하남SD병원,경기도 하남시 덕풍공원로 41,031-793-2882,A,37.5396283,127.1982811
HOSPITAL,경기,화성시,화성중앙종합병원,경기도 화성시 향남읍 발안로5,031-352-8114,B,37.1313154,126.9107719
HOSPITAL,경기,화성시,한림대학교 동탄성심병원,경기도 화성시 큰재봉길7,031-8086-3000,B,37.2166637,127.08012090000001
HOSPITAL,경기,화성시,원광종합병원,경기도 화성시 화산북로21,031-8077-7200,A,37.206496,127.01003209999999
HOSPITAL,경기,화성시,화성디에스병원,경기도 화성시 남양읍 시청로 160번길 46-13,1600-5982,B,37.1964083,126.83264189999998
HOSPITAL,강원,강릉시,강릉고려병원,강원도 강릉시 옥가로 30,033-649-0100,A,37.7590037,128.89986
HOSPITAL,강원,강릉시,강릉아산병원,강원도 강릉시 사천면 방동길 38,033-610-3114,B,37.8182428,128.85927189999998
HOSPITAL,강원,동해시,근로복지공단 동해병원,강원도 동해시 하평로 11,033-530-3100,A,37.5313691,129.1077852
HOSPITAL,강원,속초시,속초보광병원,강원도 속초시 중앙로 11,033-639-8500,A,38.1979798,128.5783566
HOSPITAL,강원,원주시,성지병원,강원도 원주시 원인로 22,033-760-3114,A,37.345524399999995,127.95423350000002
HOSPITAL,강원,춘천시,한림대학교춘천성심병원,강원도 춘천시 삭주로77,033-240-5000,A,37.8839706,127.7398959
HOSPITAL,강원,춘천시,강원대학교병원,강원도 춘천시 백령로156,033-258-2000,B,37.8753509,127.7450198
HOSPITAL,강원,홍천군,홍천아산병원,강원도 홍천군 홍천읍 산림공원1길 17,033-430-5151,A,37.6906658,127.8946511
HOSPITAL,충북,제천시,제천서울병원,충청북도 제천시 숭문로57,043-642-7606,A,37.1386904,128.2062186
HOSPITAL,충북,제천시,제천명지병원,충청북도 제천시 내토로 991,043-640-8114,A,37.1633515,128.2339864
HOSPITAL,충북,진천군,진천성모병원,충청북도 진천군 진천읍 중앙북로24,043-533-1711,A,36.8587463,127.4396491
HOSPITAL,충북,청주시 상당구,한국병원,충청북도 청주시 상당구 단재로106,043-222-7000,A,36.6196583,127.49632209999999
HOSPITAL,충북,청주시 상당구,효성병원,충청북도 청주시 상당구 쇠내로 16,043-221-5000,A,36.6244467,127.49552849999999
HOSPITAL,충북,청주시 청원구,청주성모병원,충청북도 청주시 청원구 주성구 173-19,043-219-8000,A,36.642434099999996,127.4890319
HOSPITAL,충북,청주시 흥덕구,하나병원,충청북도 청주시 흥덕구 2순환로 1262(가경동),043-230-6114,A,36.6281257,127.43571469999999
HOSPITAL,충북,청주시 흥덕구,베스티안병원,충청북도 청주시 흥덕구 오송읍 오송생명1로 191,043-910-7575,A,36.6350133,127.3233232
HOSPITAL,충북,충주시,건국대학교 충주병원,충청북도 충주시 국원대로 82,043-840-8200,A,36.9789554,127.92888459999999
HOSPITAL,충남,논산시,백제병원,충청남도 논산시 시민로294번길14,041-730-8888,A,36.1923478,127.09438949999999
HOSPITAL,충남,당진시,당진종합병원,충청남도 당진시 반촌로 5-15,041-357-0100,A,36.9044154,126.6847755
HOSPITAL,충남,서산시,서산중앙병원,충청남도 서산시 수석산업로5,041-661-1000,A,36.7811126,126.50352609999999
HOSPITAL,충남,아산시,아산충무병원,충청남도 아산시 문화로 381(모종동),041-536-6666,B,36.779140399999996,127.01955679999999
HOSPITAL,충남,아산시,현대병원,충청남도 아산시 시민로 388,041-546-3636,A,36.7830692,127.00102389999999
HOSPITAL,충남,예산군,예산종합병원,충청남도 예산군 예산읍 금오대로 94,041-330-4000,A,36.6910697,126.83770439999999
HOSPITAL,충남,천안시 동남구,단국대학교병원,충청남도 천안시 동남구 망향로 201,041-1588-0063,B,36.8418782,127.1749976
HOSPITAL,충남,천안시 동남구,순천향대학교 부속 천안병원,충청남도 천안시 동남구 순천향6길 31,041-570-2114,B,36.802779799999996,127.13533469999999
HOSPITAL,충남,천안시 동남구,천안우리병원,충청남도 천안시 동남구 남부대로 350,041-590-9000,A,36.7809592,127.1557958
HOSPITAL,충남,천안시 서북구,천안충무병원,충청남도 천안시 서북구 다가말3길8,041-570-7555,B,36.797347099999996,127.1315479
HOSPITAL,충남,천안시 서북구,연세나무병원,충청남도 천안시 서북구 불당21로,041-537-0000,A,36.8121529,127.1040618
HOSPITAL,충남,천안시 서북구,서울대정병원,충청남도 천안시 서북구 불당33길 18,041-415-0001,A,36.8083197,127.106278
HOSPITAL,전북,고창군,고창종합병원,전라북도 고창군 고창읍 화신1길9,063-560-5600,A,35.4364207,126.69366300000002
HOSPITAL,전북,군산시,군산의료원,전라북도 군산시 의료원로 27,063-472-5000,A,35.9548898,126.71191669999999
HOSPITAL,전북,군산시,동군산병원,전라북도 군산시 조촌로 149,063-440-0300,B,35.9773651,126.7370947
HOSPITAL,전북,남원시,남원의료원,전라북도 남원시 충정로 365,063-620-1114,A,35.4326296,127.4083857
HOSPITAL,전북,익산시,익산병원,전라북도 익산시 무왕로 969,063-840-9114,B,35.9592947,126.96716079999999
HOSPITAL,전북,전주시 덕진구,전북대학교병원,전라북도 전주시 덕진구 건지로 20,063-250-1114,B,35.8471872,127.14058940000001
HOSPITAL,전북,전주시 덕진구,대자인병원,전라북도 전주시 덕진구 견훤로390,063-240-2000,A,35.84597730000001,127.1533607
HOSPITAL,전북,전주시 덕진구,호성전주병원,전라북도 전주시 덕진구 동부대로 895,063-240-8800,A,35.848752,127.1464411
HOSPITAL,전북,전주시 완산구,예수병원,전라북도 전주시 완산구 서원로365,063-230-8114,B,35.814135199999996,127.13289879999999
HOSPITAL,전북,전주시 완산구,전주병원,전라북도 전주시 완산구 한두평3길13,063-220-7200,A,35.81532,127.12475260000001
HOSPITAL,전남,고흥군,고흥종합병원,전라남도 고흥군 고흥읍 고흥로 1935,061-835-6000,B,34.621004299999996,127.29393970000001
HOSPITAL,전남,고흥군,녹동현대병원,전라남도 고흥군 도양읍 차경구렁목길 215,061-840-1200,B,34.5465248,127.14574689999998
HOSPITAL,전남,목포시,목포시의료원,전라남도 목포시 이로로 18,061-260-6500,A,34.804123499999996,126.40535209999999
HOSPITAL,전남,목포시,목포한국병원,전라남도 목포시 영산로 483,061-270-5500,B,34.8091621,126.41639439999999
HOSPITAL,전남,목포시,목포기독병원,전라남도 목포시 백년대로303,061-280-7500,B,34.804445,126.4206723
HOSPITAL,전남,목포시,목포중앙병원,전라남도 목포시 영산로 623번지,061-280-3000,B,34.821230199999995,126.4210798
HOSPITAL,전남,순천시,성가롤로병원,전라남도 순천시 순광로 221,061-720-6434,B,34.9642662,127.5428763
HOSPITAL,전남,순천시,순천한국병원,전라남도 순천시 우명길42,061-740-5000,B,34.9476145,127.51250979999999
HOSPITAL,전남,여수시,여천전남병원,전라남도 여수시 무선로 95,061-690-6000,A,34.7690003,127.6542545
HOSPITAL,전남,여수시,여수전남병원,전라남도 여수시 좌수영로49,061-640-7575,A,34.772441199999996,127.70306099999999
HOSPITAL,전남,여수시,여수제일병원,전라남도 여수시 쌍봉로 70,061-689-8114,A,34.7660227,127.6636158
HOSPITAL,전남,여수시,여수한국병원,전라남도 여수시 여천체육공원길10,061-653-2000,A,34.7612543,127.67505249999999
HOSPITAL,전남,장흥군,장흥종합병원,전라남도 장흥군 장흥읍 흥성로74,061-862-8300,A,34.6770898,126.9111921
HOSPITAL,경북,경산시,경산중앙병원,경상북도 경산시 경안로 11,053-715-0100,A,35.809092799999995,128.74016459999999
HOSPITAL,경북,경산시,세명병원,경상북도 경산시 경안로 208,053-819-8364,A,35.8260728,128.7372057
HOSPITAL,경북,경주시,동국대학교 경주병원,경상북도 경주시 동대로87,054-748-9300,A,35.8583073,129.1954409
HOSPITAL,경북,구미시,차의과학대학교부속구미차병원,경상북도 구미시 신시로10길 12,054-450-9700,A,36.1147524,128.3407379
HOSPITAL,경북,구미시,순천향대학교부속구미병원,경상북도 구미시 1공단로 179,054-468-9114,B,36.1030929,128.3826739
HOSPITAL,경북,구미시,바른유병원,경상북도 구미시 역전로 28,054-457-8676,A,36.1310797,128.3325658
HOSPITAL,경북,김천시,김천제일병원,경상북도 김천시 신음1길 12,054-420-9300,A,36.1353472,128.1187424
HOSPITAL,경북,문경시,문경제일병원,경상북도 문경시 당교3길 25,054-550-7700,A,36.5843256,128.18918349999998
HOSPITAL,경북,상주시,상주성모병원,경상북도 상주시 냉림서성길7,054-532-5001,A,36.420795999999996,128.15997529999999
HOSPITAL,경북,안동시,안동성소병원,경상북도 안동시 서동문로99,054-850-8114,A,36.5673945,128.7228393
HOSPITAL,경북,안동시,안동병원,경상북도 안동시 앙실로11,054-840-1004,A,36.5471395,128.7008616
HOSPITAL,경북,포항시 남구,포항성모병원,경상북도 포항시 남구 대잠동길 17,054-272-0151,A,36.014831199999996,129.33929089999998
HOSPITAL,경북,포항시 남구,포항세명기독병원,경상북도 포항시 남구 남구 포스코대로351,054-275-0005,B,36.0177961,129.3620249
HOSPITAL,경북,포항시 북구,좋은선린병원,경상북도 포항시 북구 대신로 43,054-245-5000,A,36.048065199999996,129.367134
HOSPITAL,경북,포항시 북구,포항우리병원,경상북도 포항시 북구 포스코대로 256,054-240-6000,A,36.0215301,129.35237089999998
HOSPITAL,경남,거제시,거붕백병원,경상남도 거제시 계룡로 5길 14,055-733-0000,A,34.8726323,128.6268045
HOSPITAL,경남,거제시,대우병원,경상남도 거제시 도모길16,055-680-8114,B,34.8722413,128.7217033
HOSPITAL,경남,거제시,맑은샘병원,경상남도 거제시 연초면 거제대로 4477,055-736-1004,A,34.8977915,128.64378159999998
HOSPITAL,경남,거창군,거창적십자병원,경상남도 거창군 거창읍 중앙로 91,055-944-3251,A,35.6865089,127.9091208
HOSPITAL,경남,김해시,조은금강병원,경상남도 김해시 김해대로 1814-37,055-330-0300,A,35.2623034,128.8615992
HOSPITAL,경남,김해시,경희의료원 교육협력 중앙병원,경상남도 김해시 분성로94-8,055-330-6000,A,35.23073170000001,128.85708839999998
HOSPITAL,경남,김해시,갑을장유병원,경상남도 김해시 장유로 167-13,055-310-6000,A,35.2086594,128.80560499999999
HOSPITAL,경남,김해시,진영병원,경상남도 김해시 진영읍김해대로 334번길 9,055-340-3700,A,35.306056999999996,128.72674899999998
HOSPITAL,경남,밀양시,밀양윤병원,경상남도 밀양시 삼문중앙로32,055-354-2200,A,35.484694999999995,128.7556697
HOSPITAL,경남,사천시,삼천포서울병원,경상남도 사천시 남일로 33,055-835-9900,A,34.9333862,128.0802625
HOSPITAL,경남,양산시,베데스다병원,경상남도 양산시 신기로 28,055-384-9901,A,35.353235,129.04364239999998
HOSPITAL,경남,양산시,양산부산대학교병원,경상남도 양산시 양산시 물금읍 금오로 20,055-1577-7512,B,35.326130299999996,129.0048926
HOSPITAL,경남,진주시,진주고려병원,경상남도 진주시 동진로2,055-751-2500,A,35.1786102,128.0920617
HOSPITAL,경남,진주시,경상대학교병원,경상남도 진주시 강남로 79,055-750-8000,B,35.1770869,128.0954964
HOSPITAL,경남,진주시,진주제일병원,경상남도 진주시 진주대로 885,055-750-7123,A,35.1793942,128.08997209999998
HOSPITAL,경남,진주시,한일병원,경상남도 진주시 범골로 17,055-759-7777,A,35.166265599999996,128.1286498
HOSPITAL,경남,진주시,반도병원,경상남도 진주시 남강로 701,055-747-6000,A,35.178400599999996,128.0974023
HOSPITAL,경남,진주시,진주세란병원,경상남도 진주시 진주대로 829,055-760-7578,A,35.174462,128.0929902
HOSPITAL,경남,진주시,진주복음병원,경상남도 진주시 진양호로 370,055-743-2580,A,35.1852364,128.06956549999998
HOSPITAL,경남,진주시,진주바른병원,경상남도 진주시 동진로7,055-790-3000,A,35.179228,128.0917275
HOSPITAL,경남,창원시 마산합포구,창원제일종합병원,경상남도 창원시 마산합포구 3.15대로 238,055-223-9000,A,35.1990707,128.5677163
HOSPITAL,경남,창원시 마산합포구,에스엠지연세병원,경상남도 창원시 마산합포구 3.15대로 76,055-243-0100,B,35.1863221,128.5616616
HOSPITAL,경남,창원시 마산회원구,청아병원,경상남도 창원시 마산회원구 내서읍 광려천서로 67,055-230-1500,A,35.2479443,128.5096097
HOSPITAL,경남,창원시 마산회원구,365병원,경상남도 창원시 마산회원구 3.15대로 686,055-248-0365,A,35.2337554,128.57949150000002
HOSPITAL,경남,창원시 마산회원구,마산서울병원,경상남도 창원시 마산회원구 3.15대로 653,055-299-7000,A,35.2206349,128.5795296
HOSPITAL,경남,창원시 성산구,CNA서울아동병원,경상남도 창원시 성산구 마디미서로 54,055-262-8511,A,35.2208447,128.6809275
HOSPITAL,경남,창원시 진해구,연세에스병원,경상남도 창원시 진해구 해원로32번길 13,055-548-7700,A,35.1545448,128.6983452
HOSPITAL,경남,함양군,함양성심병원,경상남도 함양군 함양읍 고운로 70,055-963-4322,A,35.52028800000001,127.72936460000001
HOSPITAL,제주,제주시,제주한라병원,제주특별자치도 제주시 도령로 65,064-740-5000,B,33.489819499999996,126.4851928
HOSPITAL,제주,제주시,제주대학교병원,제주특별자치도 제주시 아란13길 15,064-717-1114,B,33.467042899999996,126.54575580000001
HOSPITAL,제주,제주시,한마음병원,제주특별자치도 제주시 연신로 52,064-750-9000,A,33.4963523,126.54623760000001
HOSPITAL,제주,제주시,중앙병원,제주특별자치도 제주시 월랑로 91,064-786-7000,A,33.4922645,126.4707256